{"stats":{"minecraft:picked_up":{"minecraft:light_blue_concrete":7,"minecraft:repeater":237,"minecraft:yellow_concrete":5,"minecraft:leather":4,"minecraft:lead":2,"minecraft:stone_button":4,"minecraft:redstone":3412,"minecraft:oak_sign":2,"minecraft:lever":56,"minecraft:redstone_torch":535,"minecraft:red_concrete":25,"minecraft:cobblestone":55},"minecraft:killed":{"minecraft:trader_llama":3,"minecraft:bat":1,"minecraft:wandering_trader":1},"minecraft:custom":{"minecraft:time_since_rest":2969198,"minecraft:sprint_one_cm":366041,"minecraft:walk_one_cm":496580,"minecraft:mob_kills":5,"minecraft:drop":155,"minecraft:damage_dealt":930,"minecraft:talked_to_villager":1,"minecraft:fly_one_cm":14969177,"minecraft:crouch_one_cm":56231,"minecraft:play_one_minute":2969198,"minecraft:sneak_time":147452,"minecraft:aviate_one_cm":4481939,"minecraft:jump":6284,"minecraft:leave_game":17,"minecraft:walk_on_water_one_cm":579,"minecraft:time_since_death":2969198},"minecraft:used":{"minecraft:redstone_torch":3261,"minecraft:sticky_piston":44,"minecraft:lever":271,"minecraft:water_bucket":1,"minecraft:netherite_sword":2,"minecraft:black_concrete":108,"minecraft:firework_rocket":10,"minecraft:orange_concrete":619,"minecraft:red_wool":13,"minecraft:red_concrete":1967,"minecraft:barrier":338,"minecraft:green_wool":49,"minecraft:redstone":10872,"minecraft:oak_button":1,"minecraft:netherite_axe":9,"minecraft:stone_button":34,"minecraft:oak_sign":172,"minecraft:blue_wool":33,"minecraft:magenta_concrete":708,"minecraft:cyan_concrete":6323,"minecraft:sandstone":386,"minecraft:stone":6392,"minecraft:redstone_block":313,"minecraft:structure_block":170,"minecraft:yellow_wool":26,"minecraft:green_terracotta":1247,"minecraft:light_gray_wool":8,"minecraft:white_wool":63,"minecraft:repeater":3380,"minecraft:redstone_lamp":82,"minecraft:magenta_wool":34,"minecraft:light_blue_concrete":552,"minecraft:tnt":36,"minecraft:light_blue_wool":299,"minecraft:yellow_concrete":4119,"minecraft:orange_wool":19,"minecraft:smooth_stone_slab":2183,"minecraft:white_concrete":2,"minecraft:lingering_potion":2,"minecraft:observer":49},"minecraft:dropped":{"minecraft:lever":34,"minecraft:redstone_torch":40,"minecraft:sandstone":1,"minecraft:redstone":1351}},"DataVersion":2578}