{"stats":{"minecraft:dropped":{"minecraft:lever":34,"minecraft:yellow_concrete":1,"minecraft:redstone_torch":40,"minecraft:sandstone":1,"minecraft:elytra":1,"minecraft:redstone":1351,"minecraft:firework_rocket":1},"minecraft:picked_up":{"minecraft:light_blue_concrete":7,"minecraft:repeater":242,"minecraft:yellow_concrete":6,"minecraft:leather":4,"minecraft:lead":2,"minecraft:stone_button":4,"minecraft:redstone":3457,"minecraft:elytra":1,"minecraft:firework_rocket":1,"minecraft:oak_sign":2,"minecraft:lever":57,"minecraft:redstone_torch":543,"minecraft:red_concrete":25,"minecraft:cobblestone":55},"minecraft:custom":{"minecraft:time_since_rest":3068571,"minecraft:sprint_one_cm":393695,"minecraft:walk_one_cm":516311,"minecraft:mob_kills":5,"minecraft:drop":158,"minecraft:damage_dealt":930,"minecraft:talked_to_villager":1,"minecraft:fly_one_cm":16490085,"minecraft:crouch_one_cm":57187,"minecraft:play_one_minute":3068571,"minecraft:sneak_time":155164,"minecraft:aviate_one_cm":4638359,"minecraft:jump":6522,"minecraft:leave_game":20,"minecraft:walk_on_water_one_cm":579,"minecraft:time_since_death":3068571},"minecraft:used":{"minecraft:redstone_torch":3302,"minecraft:sticky_piston":44,"minecraft:lever":271,"minecraft:water_bucket":1,"minecraft:netherite_sword":2,"minecraft:black_concrete":108,"minecraft:firework_rocket":10,"minecraft:orange_concrete":783,"minecraft:red_wool":13,"minecraft:red_concrete":1967,"minecraft:barrier":338,"minecraft:green_wool":49,"minecraft:redstone":11166,"minecraft:oak_button":1,"minecraft:oak_sign":176,"minecraft:stone_button":34,"minecraft:netherite_axe":9,"minecraft:blue_wool":33,"minecraft:magenta_concrete":859,"minecraft:cyan_concrete":6500,"minecraft:sandstone":386,"minecraft:stone":6393,"minecraft:redstone_block":313,"minecraft:structure_block":170,"minecraft:yellow_wool":28,"minecraft:green_terracotta":1247,"minecraft:light_gray_wool":8,"minecraft:white_wool":63,"minecraft:repeater":3436,"minecraft:redstone_lamp":82,"minecraft:comparator":1,"minecraft:magenta_wool":34,"minecraft:light_blue_concrete":552,"minecraft:tnt":36,"minecraft:light_blue_wool":299,"minecraft:cobblestone_wall":10,"minecraft:yellow_concrete":4120,"minecraft:orange_wool":19,"minecraft:smooth_stone_slab":2183,"minecraft:white_concrete":2,"minecraft:lingering_potion":2,"minecraft:observer":49},"minecraft:killed":{"minecraft:trader_llama":3,"minecraft:bat":1,"minecraft:wandering_trader":1}},"DataVersion":2578}